TANGGAL,RR
1/1/2021,28
2/1/2021,21.3
3/1/2021,1.5
4/1/2021,0.6
5/1/2021,55.3
6/1/2021,15.8
7/1/2021,3.6
8/1/2021,9
9/1/2021,7.8
10/1/2021,2.2
11/1/2021,52.4
12/1/2021,1.3
13-01-2021,10.7
14-01-2021,0.1
15-01-2021,4.8
16-01-2021,1
17-01-2021,1.4
18-01-2021,12.2
19-01-2021,39.3
20-01-2021,2
21-01-2021,0
22-01-2021,0
23-01-2021,0.4
24-01-2021,0
25-01-2021,14.6
26-01-2021,26.9
27-01-2021,13.4
28-01-2021,17.5
29-01-2021,1.2
30-01-2021,25.3
31-01-2021,3.9
1/2/2021,7
2/2/2021,36.6
3/2/2021,16.3
4/2/2021,53.6
5/2/2021,29.6
6/2/2021,11.4
7/2/2021,0
8/2/2021,5.4
9/2/2021,5.5
10/2/2021,16.6
11/2/2021,0
12/2/2021,0.4
13-02-2021,13.8
14-02-2021,0
15-02-2021,5.9
16-02-2021,49.2
17-02-2021,14.6
18-02-2021,1
19-02-2021,18.5
20-02-2021,0
21-02-2021,2.8
22-02-2021,14.2
23-02-2021,1.6
24-02-2021,11.8
25-02-2021,5.9
26-02-2021,5
27-02-2021,14.7
28-02-2021,145
1/3/2021,0
2/3/2021,0
3/3/2021,22.3
4/3/2021,0.3
5/3/2021,1
6/3/2021,0
7/3/2021,0
8/3/2021,11.7
9/3/2021,6.7
10/3/2021,12.6
11/3/2021,1.9
12/3/2021,14
13-03-2021,38.4
14-03-2021,6.7
15-03-2021,19.1
16-03-2021,3.2
17-03-2021,0
18-03-2021,36.1
19-03-2021,26.8
20-03-2021,1
21-03-2021,15.9
22-03-2021,0.8
23-03-2021,0
24-03-2021,15.9
25-03-2021,0
26-03-2021,41.9
27-03-2021,10.1
28-03-2021,1.9
29-03-2021,0
30-03-2021,0
31-03-2021,11.4
1/4/2021,11
2/4/2021,56.9
3/4/2021,2.8
4/4/2021,1.2
5/4/2021,10.6
6/4/2021,1.6
7/4/2021,0.5
8/4/2021,1.9
9/4/2021,15.3
10/4/2021,20.7
11/4/2021,0
12/4/2021,0
13-04-2021,0
14-04-2021,0
15-04-2021,1.3
16-04-2021,0
17-04-2021,0
18-04-2021,0
19-04-2021,0
20-04-2021,0
21-04-2021,0
22-04-2021,0
23-04-2021,0
24-04-2021,0
25-04-2021,0
26-04-2021,0
27-04-2021,0
28-04-2021,0
29-04-2021,0
30-04-2021,0
1/5/2021,0
2/5/2021,0
3/5/2021,0
4/5/2021,0
5/5/2021,0.7
6/5/2021,5.7
7/5/2021,0
8/5/2021,5
9/5/2021,0
10/5/2021,0
11/5/2021,0
12/5/2021,0
13-05-2021,0
14-05-2021,0
15-05-2021,0
16-05-2021,0
17-05-2021,0
18-05-2021,0
19-05-2021,0
20-05-2021,0.1
21-05-2021,47.9
22-05-2021,0
23-05-2021,1.4
24-05-2021,8
25-05-2021,15.5
26-05-2021,0
27-05-2021,0
28-05-2021,0
29-05-2021,0.6
30-05-2021,0
31-05-2021,5.8
1/6/2021,1.1
2/6/2021,0.2
3/6/2021,0
4/6/2021,0
5/6/2021,0
6/6/2021,0
7/6/2021,19.6
8/6/2021,1
9/6/2021,0
10/6/2021,0
11/6/2021,0.2
12/6/2021,1
13-06-2021,18.3
14-06-2021,0
15-06-2021,0
16-06-2021,0
17-06-2021,0
18-06-2021,0
19-06-2021,0
20-06-2021,0.5
21-06-2021,0
22-06-2021,118.8
23-06-2021,6.2
24-06-2021,0.5
25-06-2021,12.6
26-06-2021,0
27-06-2021,26.3
28-06-2021,0
29-06-2021,0
30-06-2021,0
1/7/2021,2.2
2/7/2021,0
3/7/2021,0
4/7/2021,0
5/7/2021,0
6/7/2021,0
7/7/2021,0
8/7/2021,0
9/7/2021,6.5
10/7/2021,7.2
10/7/2021,7.2
11/7/2021,1.1
12/7/2021,0
13-07-2021,0
14-07-2021,0
15-07-2021,0
16-07-2021,0
17-07-2021,0
18-07-2021,0
19-07-2021,0
20-07-2021,0
21-07-2021,0
22-07-2021,0
23-07-2021,0
24-07-2021,0
25-07-2021,0
26-07-2021,0
27-07-2021,0
28-07-2021,0
29-07-2021,0
30-07-2021,0
31-07-2021,0
1/8/2021,0.3
2/8/2021,0
3/8/2021,0
4/8/2021,0
5/8/2021,10.5
6/8/2021,0
7/8/2021,0
7/8/2021,0
8/8/2021,0
9/8/2021,3
10/8/2021,1.2
11/8/2021,0
12/8/2021,0
13-08-2021,0
14-08-2021,8
15-08-2021,0
16-08-2021,0
17-08-2021,0
18-08-2021,0
19-08-2021,13.6
20-08-2021,0
21-08-2021,0
22-08-2021,0.2
23-08-2021,0.1
24-08-2021,0
25-08-2021,0
26-08-2021,0
27-08-2021,0
28-08-2021,0
29-08-2021,0
30-08-2021,0
31-08-2021,0
1/9/2021,0
2/9/2021,0
3/9/2021,0
4/9/2021,0
5/9/2021,0
6/9/2021,0
7/9/2021,0
8/9/2021,0
9/9/2021,0
10/9/2021,0
11/9/2021,0
12/9/2021,71.5
13-09-2021,0
14-09-2021,0.4
15-09-2021,8.6
16-09-2021,0
17-09-2021,0
18-09-2021,0
18-09-2021,0
19-09-2021,0.2
20-09-2021,0
21-09-2021,0
22-09-2021,26.3
23-09-2021,0
24-09-2021,0
25-09-2021,0
26-09-2021,0
27-09-2021,0
28-09-2021,0
29-09-2021,0
30-09-2021,0
1/10/2021,0
2/10/2021,0
3/10/2021,0
4/10/2021,0.6
5/10/2021,0
6/10/2021,0.9
7/10/2021,0.2
8/10/2021,0
9/10/2021,0
10/10/2021,0
11/10/2021,0
12/10/2021,0
13-10-2021,0
14-10-2021,0
15-10-2021,0
16-10-2021,7.2
17-10-2021,0
18-10-2021,3.7
19-10-2021,1.3
20-10-2021,27.7
21-10-2021,0
22-10-2021,13.5
23-10-2021,0
24-10-2021,10.8
25-10-2021,7.4
26-10-2021,25.3
27-10-2021,8.4
28-10-2021,0
29-10-2021,10.7
30-10-2021,8.4
31-10-2021,6.7
1/11/2021,8.1
2/11/2021,1.7
3/11/2021,49.1
4/11/2021,0
5/11/2021,6.6
6/11/2021,1
7/11/2021,0
8/11/2021,0
9/11/2021,0
10/11/2021,11
11/11/2021,21.6
12/11/2021,10.3
13-11-2021,2.8
14-11-2021,13.6
15-11-2021,20.5
16-11-2021,30.3
17-11-2021,16
18-11-2021,3.5
19-11-2021,3
20-11-2021,2.4
21-11-2021,1.6
22-11-2021,5
23-11-2021,6.6
24-11-2021,40.9
25-11-2021,36.4
26-11-2021,49.6
27-11-2021,4.2
28-11-2021,8.5
29-11-2021,3
30-11-2021,9.8
1/12/2021,6.2
2/12/2021,4
3/12/2021,0
4/12/2021,0.9
5/12/2021,22.6
6/12/2021,1.5
7/12/2021,10.5
8/12/2021,8.9
9/12/2021,55.4
10/12/2021,0
11/12/2021,5.5
12/12/2021,0
13-12-2021,0
14-12-2021,0
15-12-2021,0
16-12-2021,5.3
17-12-2021,2.5
18-12-2021,0
19-12-2021,37
20-12-2021,7
21-12-2021,22.6
22-12-2021,0.5
23-12-2021,0
24-12-2021,13
25-12-2021,7
26-12-2021,0
27-12-2021,0
28-12-2021,0
29-12-2021,2.5
30-12-2021,1.7
31-12-2021,0
1/1/2022,25.1
2/1/2022,6.4
3/1/2022,2.9
4/1/2022,0
5/1/2022,0.8
6/1/2022,0
7/1/2022,0
8/1/2022,0.2
9/1/2022,2.7
10/1/2022,26.6
11/1/2022,22.6
12/1/2022,17.9
13-01-2022,0
14-01-2022,0.6
15-01-2022,2.1
16-01-2022,4
17-01-2022,1.9
18-01-2022,21.4
19-01-2022,31.3
20-01-2022,8.7
21-01-2022,26.3
22-01-2022,0.3
23-01-2022,2.7
24-01-2022,0
25-01-2022,0
26-01-2022,0
27-01-2022,2.8
28-01-2022,1.8
29-01-2022,0
30-01-2022,1.5
31-01-2022,5.5
1/2/2022,12.5
2/2/2022,47.4
3/2/2022,1.2
4/2/2022,36.4
5/2/2022,0
6/2/2022,3.6
7/2/2022,55
8/2/2022,2.3
9/2/2022,5.6
10/2/2022,42
11/2/2022,1.2
12/2/2022,32.6
13-02-2022,4.8
14-02-2022,0.4
15-02-2022,3.7
16-02-2022,41.2
17-02-2022,0
18-02-2022,2.2
19-02-2022,6.2
20-02-2022,0
21-02-2022,0
22-02-2022,3.2
23-02-2022,0
24-02-2022,0
25-02-2022,1.3
26-02-2022,37
27-02-2022,12.3
28-02-2022,0.4
1/3/2022,1.5
2/3/2022,0.4
3/3/2022,5.3
4/3/2022,8.5
5/3/2022,9.9
6/3/2022,0
7/3/2022,0
8/3/2022,47
9/3/2022,16.4
10/3/2022,62.8
11/3/2022,1.8
12/3/2022,0
13-03-2022,5
14-03-2022,12.8
15-03-2022,89.4
16-03-2022,3.2
17-03-2022,1
18-03-2022,0
19-03-2022,46.6
20-03-2022,3.5
21-03-2022,1.5
22-03-2022,9.5
23-03-2022,1
24-03-2022,5.5
25-03-2022,0
26-03-2022,0
27-03-2022,3
28-03-2022,4.7
29-03-2022,5
30-03-2022,3.4
31-03-2022,0
1/4/2022,21
2/4/2022,18.3
3/4/2022,6.2
4/4/2022,7.5
5/4/2022,95.7
6/4/2022,3.5
7/4/2022,0.5
8/4/2022,0
9/4/2022,26
10/4/2022,18.2
11/4/2022,0.1
12/4/2022,0
13-04-2022,1
14-04-2022,0
15-04-2022,0
16-04-2022,0
17-04-2022,42.5
18-04-2022,0
19-04-2022,2.8
20-04-2022,45
21-04-2022,5.6
22-04-2022,45.5
23-04-2022,0
24-04-2022,1.6
25-04-2022,5.6
26-04-2022,0
27-04-2022,0
28-04-2022,1.5
29-04-2022,2.5
30-04-2022,4
1/5/2022,1
2/5/2022,0
3/5/2022,0
4/5/2022,9.6
5/5/2022,0
6/5/2022,0
7/5/2022,0.5
8/5/2022,0
9/5/2022,0
10/5/2022,0
11/5/2022,0
12/5/2022,0
13-05-2022,4.8
14-05-2022,0.1
15-05-2022,10.3
16-05-2022,0
17-05-2022,0
18-05-2022,0.2
19-05-2022,0
20-05-2022,12.9
21-05-2022,18.4
22-05-2022,0
23-05-2022,0
24-05-2022,0
25-05-2022,0
26-05-2022,0
27-05-2022,1.2
28-05-2022,15.6
29-05-2022,0
30-05-2022,0
31-05-2022,0
1/6/2022,4.8
2/6/2022,0
3/6/2022,5.5
4/6/2022,0
5/6/2022,0
6/6/2022,73.1
7/6/2022,0.6
8/6/2022,0.5
9/6/2022,0
10/6/2022,0
11/6/2022,92.5
12/6/2022,1.7
13-06-2022,4.4
14-06-2022,0.8
15-06-2022,0
16-06-2022,2.2
17-06-2022,6.9
18-06-2022,58.4
19-06-2022,34.8
20-06-2022,20
21-06-2022,0
22-06-2022,0
23-06-2022,0
24-06-2022,9.5
25-06-2022,3.9
26-06-2022,0
27-06-2022,23.4
28-06-2022,0
29-06-2022,0
30-06-2022,0
1/7/2022,0
2/7/2022,0
3/7/2022,17.4
4/7/2022,0
5/7/2022,0
6/7/2022,0
7/7/2022,0
8/7/2022,0
9/7/2022,0
10/7/2022,0
11/7/2022,0
12/7/2022,0
13-07-2022,1.9
14-07-2022,1
15-07-2022,0
16-07-2022,0
17-07-2022,0
18-07-2022,0
19-07-2022,0
20-07-2022,0
21-07-2022,0
22-07-2022,0
23-07-2022,0
24-07-2022,0
25-07-2022,0
26-07-2022,0
27-07-2022,0
28-07-2022,0
29-07-2022,0
30-07-2022,0
31-07-2022,0
1/8/2022,0
2/8/2022,0
3/8/2022,0
4/8/2022,0.8
5/8/2022,0
6/8/2022,0
7/8/2022,1.5
8/8/2022,5.1
9/8/2022,0
10/8/2022,0
11/8/2022,0
12/8/2022,0
13-08-2022,0
14-08-2022,15.1
15-08-2022,0.4
16-08-2022,0
17-08-2022,18.8
18-08-2022,0
19-08-2022,0
20-08-2022,0
21-08-2022,0
22-08-2022,0
23-08-2022,0
24-08-2022,0
25-08-2022,0
26-08-2022,-
27-08-2022,0
28-08-2022,0
29-08-2022,0
30-08-2022,1.8
31-08-2022,0.1
1/9/2022,0
2/9/2022,0
3/9/2022,0
4/9/2022,0
5/9/2022,16.4
6/9/2022,0
7/9/2022,0
8/9/2022,11.4
9/9/2022,0
10/9/2022,22
11/9/2022,19.3
12/9/2022,1
13-09-2022,-
14-09-2022,0.3
15-09-2022,28.8
16-09-2022,0
17-09-2022,0
18-09-2022,0
19-09-2022,0
20-09-2022,5
21-09-2022,0
22-09-2022,2.1
23-09-2022,2.6
24-09-2022,0
25-09-2022,17.6
26-09-2022,0
27-09-2022,0
28-09-2022,0
29-09-2022,0
30-09-2022,0.2
1/10/2022,0.5
2/10/2022,15
3/10/2022,1
4/10/2022,0
5/10/2022,0
6/10/2022,61.2
7/10/2022,73.8
8/10/2022,13.6
9/10/2022,2
10/10/2022,88.5
11/10/2022,4.4
12/10/2022,0.3
13-10-2022,1.1
14-10-2022,0.4
15-10-2022,24
16-10-2022,3.1
17-10-2022,5.4
18-10-2022,17.4
19-10-2022,3
20-10-2022,3
21-10-2022,20.7
22-10-2022,64.3
23-10-2022,1.8
24-10-2022,52
25-10-2022,0
26-10-2022,12.6
27-10-2022,27
28-10-2022,0
29-10-2022,0
30-10-2022,0
31-10-2022,0
1/11/2022,0
2/11/2022,9.3
3/11/2022,23.5
4/11/2022,0
5/11/2022,12.8
6/11/2022,8.8
7/11/2022,13.8
8/11/2022,2
9/11/2022,5.8
10/11/2022,2
11/11/2022,14.9
12/11/2022,47.9
13-11-2022,0
14-11-2022,5.1
15-11-2022,46.6
16-11-2022,4.4
17-11-2022,4
18-11-2022,45.6
19-11-2022,25.5
20-11-2022,4.2
21-11-2022,4
22-11-2022,17.8
23-11-2022,2.6
24-11-2022,49.6
25-11-2022,21.7
26-11-2022,3.7
27-11-2022,38.5
28-11-2022,30.9
29-11-2022,17.9
30-11-2022,10.8
1/12/2022,0
2/12/2022,0
3/12/2022,24.9
4/12/2022,1.6
5/12/2022,1.1
6/12/2022,0.6
7/12/2022,0.7
8/12/2022,0
9/12/2022,0
10/12/2022,0
11/12/2022,0
12/12/2022,0
13-12-2022,15.2
14-12-2022,4.1
15-12-2022,5
16-12-2022,73.8
17-12-2022,1.7
18-12-2022,0.6
19-12-2022,0
20-12-2022,0
21-12-2022,1.2
22-12-2022,0
23-12-2022,3.6
24-12-2022,30.4
25-12-2022,10
26-12-2022,7.8
27-12-2022,4.3
28-12-2022,2.6
29-12-2022,37.1
30-12-2022,18.3
31-12-2022,0
1/1/2023,0.1
2/1/2023,1.6
3/1/2023,4.4
4/1/2023,6.2
5/1/2023,0
6/1/2023,24.4
7/1/2023,8.6
8/1/2023,2.3
9/1/2023,0
10/1/2023,0
11/1/2023,0
12/1/2023,0
13-01-2023,0
14-01-2023,0
15-01-2023,1.5
16-01-2023,1
17-01-2023,11.1
18-01-2023,20.7
19-01-2023,0
20-01-2023,2
21-01-2023,4.8
22-01-2023,5.1
23-01-2023,0
24-01-2023,28.3
25-01-2023,0
26-01-2023,53
27-01-2023,18.2
28-01-2023,46.5
29-01-2023,23.4
30-01-2023,15.3
31-01-2023,0
1/2/2023,2.7
2/2/2023,8.2
3/2/2023,4.1
4/2/2023,0
5/2/2023,6.1
6/2/2023,5
7/2/2023,15.7
8/2/2023,16
9/2/2023,9.5
10/2/2023,9
11/2/2023,2.5
12/2/2023,7
13-02-2023,11.2
14-02-2023,13
15-02-2023,2.1
16-02-2023,20
17-02-2023,1.3
18-02-2023,0.8
19-02-2023,0
20-02-2023,1.3
21-02-2023,0
22-02-2023,14.9
23-02-2023,14.9
24-02-2023,5.2
25-02-2023,2.3
26-02-2023,17
27-02-2023,19
28-02-2023,1.2
1/3/2023,44.8
2/3/2023,14.6
3/3/2023,21
4/3/2023,0
5/3/2023,1.3
6/3/2023,3.5
7/3/2023,0
8/3/2023,0
9/3/2023,8.1
10/3/2023,31.5
11/3/2023,0.7
12/3/2023,2.7
13-03-2023,0
14-03-2023,0.1
15-03-2023,22.7
16-03-2023,0
17-03-2023,0
18-03-2023,16.5
19-03-2023,0
20-03-2023,0
21-03-2023,7.3
22-03-2023,1
23-03-2023,3.7
24-03-2023,3
25-03-2023,33.6
26-03-2023,10.2
27-03-2023,0.4
28-03-2023,13.1
29-03-2023,34.9
30-03-2023,2.1
31-03-2023,0
1/4/2023,5.6
2/4/2023,3.3
3/4/2023,3.6
4/4/2023,2.1
5/4/2023,12.8
6/4/2023,38.8
7/4/2023,1.1
8/4/2023,0
9/4/2023,1.2
10/4/2023,0
11/4/2023,2
12/4/2023,0
13-04-2023,4.6
14-04-2023,1.5
15-04-2023,0
16-04-2023,0
17-04-2023,0
18-04-2023,4.5
19-04-2023,0.8
20-04-2023,0
21-04-2023,0
22-04-2023,0.9
23-04-2023,2.8
24-04-2023,0.2
25-04-2023,0
26-04-2023,0
27-04-2023,8.8
28-04-2023,0
29-04-2023,9.6
30-04-2023,10.9
1/5/2023,0
2/5/2023,0.2
3/5/2023,0
4/5/2023,0
5/5/2023,29.5
6/5/2023,0
7/5/2023,49.6
8/5/2023,2.7
9/5/2023,0
10/5/2023,5.6
11/5/2023,4.1
12/5/2023,1.8
13-05-2023,12.6
14-05-2023,0
15-05-2023,0
16-05-2023,0
17-05-2023,0
18-05-2023,0
19-05-2023,0
20-05-2023,0
21-05-2023,0
22-05-2023,0
23-05-2023,0
24-05-2023,0
25-05-2023,0
26-05-2023,0
27-05-2023,0
28-05-2023,0
29-05-2023,0
30-05-2023,0
31-05-2023,0
1/6/2023,0
2/6/2023,0
3/6/2023,0
4/6/2023,0
5/6/2023,0
6/6/2023,12.6
7/6/2023,1
8/6/2023,2.6
9/6/2023,0
10/6/2023,0
11/6/2023,0
12/6/2023,56.6
13-06-2023,1
14-06-2023,0
15-06-2023,0
16-06-2023,0
17-06-2023,0
18-06-2023,0
19-06-2023,0
20-06-2023,3.2
21-06-2023,0.8
22-06-2023,0
23-06-2023,0
24-06-2023,0
25-06-2023,0
26-06-2023,0
27-06-2023,0.2
28-06-2023,2
29-06-2023,3.4
30-06-2023,0
1/7/2023,0.8
2/7/2023,0.6
3/7/2023,0
4/7/2023,0
5/7/2023,0
6/7/2023,0
7/7/2023,0.2
8/7/2023,1
9/7/2023,0
10/7/2023,0.1
11/7/2023,0
12/7/2023,0
13-07-2023,0
14-07-2023,0
15-07-2023,0
16-07-2023,0
17-07-2023,0
18-07-2023,0
19-07-2023,0
20-07-2023,0
21-07-2023,0
22-07-2023,0
23-07-2023,0
24-07-2023,0
25-07-2023,0
26-07-2023,0
27-07-2023,0
28-07-2023,0
29-07-2023,0
30-07-2023,0
31-07-2023,0
1/8/2023,0
2/8/2023,0.1
3/8/2023,0
4/8/2023,0
5/8/2023,0.2
6/8/2023,0
7/8/2023,0
8/8/2023,0
9/8/2023,-
10/8/2023,0
11/8/2023,0
12/8/2023,0
13-08-2023,0
14-08-2023,0
15-08-2023,0
16-08-2023,0
17-08-2023,0
18-08-2023,0
19-08-2023,0
20-08-2023,0
21-08-2023,0
22-08-2023,0
23-08-2023,0
24-08-2023,0
25-08-2023,0
26-08-2023,0
27-08-2023,0
28-08-2023,0
29-08-2023,0
30-08-2023,0
31-08-2023,0
1/9/2023,0
2/9/2023,0
3/9/2023,0
4/9/2023,0
5/9/2023,0
6/9/2023,0
7/9/2023,0
8/9/2023,0
9/9/2023,0
10/9/2023,0
11/9/2023,0
12/9/2023,0
13-09-2023,0
14-09-2023,0
15-09-2023,0
16-09-2023,0
17-09-2023,0
18-09-2023,0
19-09-2023,0
20-09-2023,0
21-09-2023,0
22-09-2023,0
23-09-2023,0
24-09-2023,0
25-09-2023,0
26-09-2023,0
27-09-2023,0
28-09-2023,0
29-09-2023,0
30-09-2023,0
1/10/2023,0
2/10/2023,0
3/10/2023,0
4/10/2023,0
5/10/2023,0
6/10/2023,0
7/10/2023,0
8/10/2023,0
9/10/2023,0
10/10/2023,0
11/10/2023,0
12/10/2023,0
13-10-2023,0
14-10-2023,0
15-10-2023,0
16-10-2023,0
17-10-2023,0
18-10-2023,0
19-10-2023,0
20-10-2023,0
21-10-2023,0
22-10-2023,0
23-10-2023,0
24-10-2023,0
25-10-2023,0
26-10-2023,0
27-10-2023,3.2
28-10-2023,0
29-10-2023,0
30-10-2023,0
31-10-2023,0
1/11/2023,3.5
2/11/2023,0
3/11/2023,0
4/11/2023,56.5
5/11/2023,62.8
6/11/2023,40.2
7/11/2023,10.8
8/11/2023,0
9/11/2023,0
10/11/2023,22.2
11/11/2023,23.4
12/11/2023,0
13-11-2023,0
14-11-2023,0
15-11-2023,35.8
16-11-2023,35
17-11-2023,0
18-11-2023,0
19-11-2023,0
20-11-2023,0
21-11-2023,0
22-11-2023,2.8
23-11-2023,0
24-11-2023,0
25-11-2023,0
26-11-2023,18.7
27-11-2023,15.5
28-11-2023,29.5
29-11-2023,6.6
30-11-2023,11.8
1/12/2023,29.8
2/12/2023,5.8
3/12/2023,2.1
4/12/2023,70.9
5/12/2023,19.6
6/12/2023,7.7
7/12/2023,3
8/12/2023,19.9
9/12/2023,8.8
10/12/2023,2.1
11/12/2023,0
12/12/2023,0
13-12-2023,0
14-12-2023,8
15-12-2023,0.4
16-12-2023,4.8
17-12-2023,0
18-12-2023,0
19-12-2023,0
20-12-2023,0
21-12-2023,0
22-12-2023,0
23-12-2023,1.2
24-12-2023,0
25-12-2023,0
26-12-2023,13
27-12-2023,25.3
28-12-2023,29.3
29-12-2023,27.5
30-12-2023,1.4
31-12-2023,34
1/1/2024,8.6
2/1/2024,0
3/1/2024,0
4/1/2024,0
5/1/2024,0
6/1/2024,7.8
7/1/2024,6.3
8/1/2024,5.9
9/1/2024,0
10/1/2024,2.6
11/1/2024,0
12/1/2024,0
13-01-2024,0
14-01-2024,0
15-01-2024,0
16-01-2024,19
17-01-2024,0
18-01-2024,5.7
19-01-2024,12.4
20-01-2024,6.3
21-01-2024,0
22-01-2024,3.1
23-01-2024,5.4
24-01-2024,0
25-01-2024,0
26-01-2024,10.5
27-01-2024,20.3
28-01-2024,5
29-01-2024,1.9
30-01-2024,16.6
31-01-2024,54.4
1/2/2024,4.4
2/2/2024,40.1
3/2/2024,14.6
4/2/2024,3
5/2/2024,16.9
6/2/2024,5
7/2/2024,1.1
8/2/2024,0
9/2/2024,0.8
10/2/2024,17.5
11/2/2024,7.1
12/2/2024,1.5
13-02-2024,1.4
14-02-2024,0.2
15-02-2024,0
16-02-2024,0
17-02-2024,15.5
18-02-2024,26.7
19-02-2024,92.9
20-02-2024,30.2
21-02-2024,14.3
22-02-2024,0.4
23-02-2024,2
24-02-2024,3
25-02-2024,9.2
26-02-2024,8.2
27-02-2024,34.1
28-02-2024,47
29-02-2024,0
1/3/2024,0.3
2/3/2024,0.4
3/3/2024,0.2
4/3/2024,10
5/3/2024,37.2
6/3/2024,57.7
7/3/2024,0.6
8/3/2024,2.9
9/3/2024,10.3
10/3/2024,47.5
11/3/2024,0.3
12/3/2024,0.3
13-03-2024,0.1
14-03-2024,0.8
15-03-2024,9.2
16-03-2024,8
17-03-2024,0.4
18-03-2024,0.2
19-03-2024,0
20-03-2024,0
21-03-2024,1
22-03-2024,3.6
23-03-2024,0.9
24-03-2024,0
25-03-2024,21.5
26-03-2024,0
27-03-2024,8.3
28-03-2024,0.1
29-03-2024,3.1
30-03-2024,35.1
31-03-2024,15.8
1/4/2024,18.4
2/4/2024,78
3/4/2024,34
4/4/2024,0
5/4/2024,0
6/4/2024,0
7/4/2024,0
8/4/2024,0.6
9/4/2024,88.6
10/4/2024,10.5
11/4/2024,0.4
12/4/2024,34.8
13-04-2024,0.8
14-04-2024,0
15-04-2024,0
16-04-2024,0
17-04-2024,0.2
18-04-2024,7.5
19-04-2024,0
20-04-2024,0
21-04-2024,2.8
22-04-2024,1.5
23-04-2024,0
24-04-2024,20.8
25-04-2024,0
26-04-2024,1.2
27-04-2024,0
28-04-2024,0
29-04-2024,0
30-04-2024,0
1/5/2024,0
2/5/2024,0
3/5/2024,0
4/5/2024,0
5/5/2024,0
6/5/2024,0
7/5/2024,0
8/5/2024,0
9/5/2024,0
10/5/2024,0
11/5/2024,0
12/5/2024,0
13-05-2024,0
14-05-2024,0
15-05-2024,0
16-05-2024,0
17-05-2024,0
18-05-2024,0
19-05-2024,2.5
20-05-2024,0
21-05-2024,0
22-05-2024,0
23-05-2024,0
24-05-2024,0
25-05-2024,0
26-05-2024,0
27-05-2024,0
28-05-2024,0
29-05-2024,0
30-05-2024,0
31-05-2024,0
1/6/2024,0
2/6/2024,21.4
3/6/2024,0
4/6/2024,0
5/6/2024,0
6/6/2024,0
7/6/2024,0
8/6/2024,0
9/6/2024,0.3
10/6/2024,-
11/6/2024,0
12/6/2024,-
13-06-2024,-
14-06-2024,0
15-06-2024,2.2
16-06-2024,0
17-06-2024,0
18-06-2024,0
19-06-2024,0
20-06-2024,0
21-06-2024,0
22-06-2024,0
23-06-2024,0
24-06-2024,0
25-06-2024,0
26-06-2024,-
27-06-2024,0
28-06-2024,0
29-06-2024,0
30-06-2024,1.6
1/7/2024,0
2/7/2024,0
3/7/2024,1.8
4/7/2024,0
5/7/2024,0
6/7/2024,0
7/7/2024,0
8/7/2024,0
9/7/2024,0
10/7/2024,0
11/7/2024,0
12/7/2024,0
13-07-2024,0
14-07-2024,0
15-07-2024,0
16-07-2024,0
17-07-2024,0
18-07-2024,0
19-07-2024,0
20-07-2024,0
21-07-2024,0
22-07-2024,0
23-07-2024,0
24-07-2024,0
25-07-2024,0
26-07-2024,0
27-07-2024,0
28-07-2024,0
29-07-2024,0
30-07-2024,1.6
31-07-2024,0.2
1/8/2024,53.9
2/8/2024,10.1
3/8/2024,4.4
4/8/2024,0
5/8/2024,0
6/8/2024,0
7/8/2024,0
8/8/2024,5.1
9/8/2024,0
10/8/2024,0
11/8/2024,0
12/8/2024,0
13-08-2024,0
14-08-2024,0
15-08-2024,0
16-08-2024,0
17-08-2024,0
18-08-2024,0
19-08-2024,0
20-08-2024,0
21-08-2024,0
22-08-2024,0
23-08-2024,0
24-08-2024,0
25-08-2024,0
26-08-2024,0
27-08-2024,0
28-08-2024,0
29-08-2024,0
30-08-2024,0
31-08-2024,0
1/9/2024,0
2/9/2024,0
3/9/2024,0
4/9/2024,0
5/9/2024,0
6/9/2024,0
7/9/2024,0
8/9/2024,0
9/9/2024,5.2
10/9/2024,2
11/9/2024,0
12/9/2024,0
13-09-2024,0
14-09-2024,0
15-09-2024,0
16-09-2024,0
17-09-2024,0
18-09-2024,0
19-09-2024,0
20-09-2024,0
21-09-2024,0
22-09-2024,0
23-09-2024,0
24-09-2024,0
25-09-2024,27.4
26-09-2024,4.8
27-09-2024,0
28-09-2024,5
29-09-2024,0
30-09-2024,0
1/10/2024,1.8
2/10/2024,0
3/10/2024,0
4/10/2024,0.2
5/10/2024,0
6/10/2024,0
7/10/2024,0
8/10/2024,15.8
9/10/2024,0
10/10/2024,0
11/10/2024,0
12/10/2024,0
13-10-2024,0
14-10-2024,0
15-10-2024,0.7
16-10-2024,0
17-10-2024,0
18-10-2024,0
19-10-2024,0
20-10-2024,0
21-10-2024,105.4
22-10-2024,2.5
23-10-2024,1.3
24-10-2024,0
25-10-2024,48
26-10-2024,0.4
27-10-2024,0
28-10-2024,0
29-10-2024,0.4
30-10-2024,0.8
31-10-2024,0
1/11/2024,0
2/11/2024,2.6
3/11/2024,0.4
4/11/2024,0
5/11/2024,0
6/11/2024,0.8
7/11/2024,0
8/11/2024,0
9/11/2024,29.2
10/11/2024,5.2
11/11/2024,4.8
12/11/2024,0
13-11-2024,0
14-11-2024,0
15-11-2024,10.5
16-11-2024,0
17-11-2024,0
18-11-2024,17.1
19-11-2024,6.8
20-11-2024,5
21-11-2024,5
22-11-2024,0
23-11-2024,1.4
24-11-2024,21.2
25-11-2024,12
26-11-2024,1.2
27-11-2024,5.3
28-11-2024,13.9
29-11-2024,9.7
30-11-2024,16.8
1/12/2024,4.9
2/12/2024,0.7
3/12/2024,6.5
4/12/2024,9.1
5/12/2024,2.4
6/12/2024,70.5
7/12/2024,33.5
8/12/2024,0
9/12/2024,12
10/12/2024,5.8
11/12/2024,27.2
12/12/2024,0
13-12-2024,8.1
14-12-2024,8.1
15-12-2024,9.5
16-12-2024,6.2
17-12-2024,3.2
18-12-2024,2.7
19-12-2024,4.8
20-12-2024,0
21-12-2024,45
22-12-2024,15.5
23-12-2024,10.2
24-12-2024,0.9
25-12-2024,8.5
26-12-2024,52.8
27-12-2024,0.2
28-12-2024,0
29-12-2024,11.3
30-12-2024,1.6
31-12-2024,4.8
1/1/2025,31.2
2/1/2025,29.3
3/1/2025,2.1
4/1/2025,0
5/1/2025,1.4
6/1/2025,4
7/1/2025,9.7
8/1/2025,17.6
9/1/2025,0
10/1/2025,5.2
11/1/2025,0
12/1/2025,0
13-01-2025,15.8
14-01-2025,1
15-01-2025,21.1
16-01-2025,0.4
17-01-2025,0
18-01-2025,0.6
19-01-2025,0.9
20-01-2025,29.8
21-01-2025,8.4
22-01-2025,31.5
23-01-2025,62
24-01-2025,3.9
25-01-2025,2.2
26-01-2025,1.4
27-01-2025,2.7
28-01-2025,42.3
29-01-2025,33.1
30-01-2025,18.5
31-01-2025,10.3
1/2/2025,0
2/2/2025,0
3/2/2025,0
4/2/2025,0
5/2/2025,0
6/2/2025,0
7/2/2025,1.1
8/2/2025,2.8
9/2/2025,0.9
10/2/2025,5.9
11/2/2025,2.6
12/2/2025,0
13-02-2025,0
14-02-2025,0
15-02-2025,2.9
16-02-2025,3.2
17-02-2025,0
18-02-2025,12
19-02-2025,30.6
20-02-2025,30.4
21-02-2025,0.2
22-02-2025,28.5
23-02-2025,4
24-02-2025,1.6
25-02-2025,62.9
26-02-2025,37.5
27-02-2025,18.3
28-02-2025,43.8
1/3/2025,71.2
2/3/2025,0
3/3/2025,0
4/3/2025,0
5/3/2025,0
6/3/2025,0
7/3/2025,6
8/3/2025,16
9/3/2025,2.4
10/3/2025,0
11/3/2025,4
12/3/2025,0.3
13-03-2025,6.3
14-03-2025,7.9
15-03-2025,1.9
16-03-2025,40.6
17-03-2025,16.5
18-03-2025,7
19-03-2025,6.7
20-03-2025,7.6
21-03-2025,5.3
22-03-2025,0
23-03-2025,11.8
24-03-2025,0.2
25-03-2025,4.4
26-03-2025,0
27-03-2025,4.3
28-03-2025,0
29-03-2025,10.8
30-03-2025,1.7
31-03-2025,0.2
1/4/2025,0
2/4/2025,0.5
3/4/2025,13.2
4/4/2025,0.5
5/4/2025,0
6/4/2025,0
7/4/2025,0
8/4/2025,10.8
9/4/2025,15
10/4/2025,0.2
11/4/2025,7
12/4/2025,11
13-04-2025,0
14-04-2025,0.6
15-04-2025,0
16-04-2025,0.5
17-04-2025,2.4
18-04-2025,0
19-04-2025,0
20-04-2025,0
21-04-2025,0
22-04-2025,0
23-04-2025,0
24-04-2025,0
25-04-2025,0
26-04-2025,0
27-04-2025,14.8
28-04-2025,0
29-04-2025,0
30-04-2025,0
1/5/2025,0
2/5/2025,0
3/5/2025,0
4/5/2025,0
5/5/2025,0
6/5/2025,0
7/5/2025,0.8
8/5/2025,31.7
9/5/2025,10
10/5/2025,9.2
11/5/2025,3.6
12/5/2025,37.5
13-05-2025,5
14-05-2025,19.3
15-05-2025,2.2
16-05-2025,2.6
17-05-2025,55.4
18-05-2025,0
19-05-2025,3.4
20-05-2025,23.4
21-05-2025,5.5
22-05-2025,0
23-05-2025,0
24-05-2025,0
25-05-2025,0
26-05-2025,0
27-05-2025,2.2
28-05-2025,0
29-05-2025,0
30-05-2025,0
31-05-2025,0
1/6/2025,11.8
2/6/2025,0
3/6/2025,0
4/6/2025,0
5/6/2025,0.2
6/6/2025,0
7/6/2025,0
8/6/2025,0
9/6/2025,1.5
10/6/2025,0
11/6/2025,0
12/6/2025,0
13-06-2025,0
14-06-2025,0
15-06-2025,0
16-06-2025,5.4
17-06-2025,0
18-06-2025,0
19-06-2025,0
20-06-2025,0
21-06-2025,0
22-06-2025,0.6
23-06-2025,3.5
24-06-2025,24
25-06-2025,0
26-06-2025,0
27-06-2025,0
28-06-2025,2.4
29-06-2025,0.8
30-06-2025,0.5
1/7/2025,0
2/7/2025,0
3/7/2025,0
4/7/2025,0.2
5/7/2025,0
6/7/2025,0
7/7/2025,2.6
8/7/2025,0
9/7/2025,0
10/7/2025,0
11/7/2025,0
12/7/2025,0
13-07-2025,0
14-07-2025,0.8
15-07-2025,0
16-07-2025,0
17-07-2025,0
18-07-2025,0
19-07-2025,0
20-07-2025,0
21-07-2025,0
22-07-2025,0
23-07-2025,0
24-07-2025,0
25-07-2025,0
26-07-2025,0
27-07-2025,0
28-07-2025,0
29-07-2025,0.2
30-07-2025,0
31-07-2025,0
1/8/2025,0
2/8/2025,0
3/8/2025,0
4/8/2025,16.6
5/8/2025,0
6/8/2025,0
7/8/2025,0
8/8/2025,0
9/8/2025,0
10/8/2025,0
11/8/2025,22
12/8/2025,6.6
13-08-2025,0
14-08-2025,0
15-08-2025,0
16-08-2025,0
17-08-2025,0
18-08-2025,0
19-08-2025,31.7
20-08-2025,11.4
21-08-2025,22
22-08-2025,0
23-08-2025,0
24-08-2025,0
25-08-2025,0
26-08-2025,0
27-08-2025,0
28-08-2025,2.2
29-08-2025,0
30-08-2025,0
31-08-2025,0
1/9/2025,0
2/9/2025,0
3/9/2025,0
4/9/2025,0
5/9/2025,0
6/9/2025,3
7/9/2025,0
8/9/2025,0
9/9/2025,0
10/9/2025,12.2
11/9/2025,4.1
12/9/2025,0
13-09-2025,0
14-09-2025,2.8
15-09-2025,0
16-09-2025,0
17-09-2025,0
18-09-2025,0
19-09-2025,1.7
20-09-2025,5.2
21-09-2025,0
22-09-2025,8.1
23-09-2025,0
24-09-2025,0
25-09-2025,7.7
26-09-2025,0
27-09-2025,0.5
28-09-2025,0
29-09-2025,0
30-09-2025,32.5
1/10/2025,9.8
2/10/2025,0
3/10/2025,0
4/10/2025,0
5/10/2025,0
6/10/2025,0
7/10/2025,0
8/10/2025,21.5
9/10/2025,0
10/10/2025,7.1
11/10/2025,45.4
12/10/2025,0
13-10-2025,0
14-10-2025,0
15-10-2025,0
16-10-2025,2.8
17-10-2025,1
18-10-2025,0
19-10-2025,0
20-10-2025,0.5
21-10-2025,0
22-10-2025,25
23-10-2025,47.6
24-10-2025,35.5
25-10-2025,12
26-10-2025,6
27-10-2025,31.6
28-10-2025,1
29-10-2025,52
30-10-2025,15
31-10-2025,42.9
1/11/2025,0
2/11/2025,0
3/11/2025,1.5
4/11/2025,0.7
5/11/2025,0
6/11/2025,12.2
7/11/2025,0.6
8/11/2025,145.6
9/11/2025,17
10/11/2025,0
11/11/2025,7
12/11/2025,1.2
13-11-2025,56.6
14-11-2025,8.2
15-11-2025,6.9
16-11-2025,5.3
17-11-2025,0.5
18-11-2025,4.5
19-11-2025,74.3
20-11-2025,41.2
21-11-2025,1.3
22-11-2025,7
23-11-2025,7.4
24-11-2025,40
25-11-2025,12.5
26-11-2025,1
27-11-2025,22.9
28-11-2025,1.5
29-11-2025,0